{
  "web": {
    "client_id": "117027699496-3ejfvu76msf1gubcoc5ur7tokcnj5qiq.apps.googleusercontent.com",
    "project_id": "vncredit-1573206884292",
    "auth_uri": "https://accounts.google.com/o/oauth2/auth",
    "token_uri": "https://oauth2.googleapis.com/token",
    "auth_provider_x509_cert_url": "https://www.googleapis.com/oauth2/v1/certs",
    "client_secret": "93NCyxwjTLeURKXE8PQx_x-b",
    "redirect_uris": [
      "https://duypn.vncredit.com.vn",
      "https://nampth.vncredit.com.vn"
    ],
    "javascript_origins": [
      "https://vncredit.com.vn",
      "https://duypn.vncredit.com.vn",
      "https://nampth.vncredit.com.vn"
    ]
  }
}