{
  "web": {
    "client_id": "117027699496-em104bjaumcfk1dko6qjjb9cb993j2n5.apps.googleusercontent.com",
    "project_id": "vncredit-1573206884292",
    "auth_uri": "https://accounts.google.com/o/oauth2/auth",
    "token_uri": "https://oauth2.googleapis.com/token",
    "auth_provider_x509_cert_url": "https://www.googleapis.com/oauth2/v1/certs",
    "client_secret": "37qCVptJEqtB3x6YvWMdsnmb",
    "redirect_uris": [
      "https://duypn.vncredit.com.vn",
      "https://nampth.vncredit.com.vn"
    ],
    "javascript_origins": [
      "https://vncredit.com.vn",
      "http://localhost:3000",
      "https://duypn.vncredit.com.vn",
      "https://nampth.vncredit.com.vn"
    ]
  }
}