[
  {
    "uuid": "465c5bbc-17d5-4167-bb66-3eac7510d8e0",
    "chatId": "ebedb727-7bd5-4224-bd09-105321f59be7",
    "text": "Voluptatibus voluptatem sapiente doloremque.",
    "userId": "65a6eb21-67b5-45c3-9af7-faca2d9b60d4",
    "created_at": "2018-04-10T18:16:15.644Z"
  },
  {
    "uuid": "c81b3afe-417b-40e1-a370-7c3b30aeb1b8",
    "chatId": "ebedb727-7bd5-4224-bd09-105321f59be7",
    "text": "Commodi et voluptatem quaerat.",
    "userId": "65a6eb21-67b5-45c3-9af7-faca2d9b60d4",
    "created_at": "2018-04-10T11:57:38.986Z"
  },
  {
    "uuid": "8f8e0cd3-6242-4bbe-9bcb-5b18ecaec408",
    "chatId": "ebedb727-7bd5-4224-bd09-105321f59be7",
    "text": "Sapiente et et id qui beatae.",
    "userId": "65a6eb21-67b5-45c3-9af7-faca2d9b60d4",
    "created_at": "2018-04-10T23:08:24.556Z"
  },
  {
    "uuid": "74367eeb-0049-45f4-8609-f728ae0bb5d5",
    "chatId": "ebedb727-7bd5-4224-bd09-105321f59be7",
    "text": "Ducimus aut perferendis a sed exercitationem omnis similique nihil.",
    "userId": "28d9f265-74d7-4f85-83d4-6a21fca57dcf",
    "created_at": "2018-04-11T03:39:10.013Z"
  },
  {
    "uuid": "189efc93-2964-47e5-a63b-8016057e0f87",
    "chatId": "ebedb727-7bd5-4224-bd09-105321f59be7",
    "text": "Doloribus est cupiditate.",
    "userId": "28d9f265-74d7-4f85-83d4-6a21fca57dcf",
    "created_at": "2018-04-10T07:51:50.318Z"
  },
  {
    "uuid": "7dbbb7ed-d78d-4cc1-9f4a-3080cc2a9a77",
    "chatId": "ebedb727-7bd5-4224-bd09-105321f59be7",
    "text": "Voluptas molestiae distinctio.",
    "userId": "28d9f265-74d7-4f85-83d4-6a21fca57dcf",
    "created_at": "2018-04-11T02:17:41.018Z"
  },
  {
    "uuid": "bdeda0a4-3c24-430d-a61f-6010551a892e",
    "chatId": "ebedb727-7bd5-4224-bd09-105321f59be7",
    "text": "Veniam illo placeat esse.",
    "userId": "14ddae1e-986d-42f4-8d17-46a02d469b2b",
    "created_at": "2018-04-10T14:49:06.630Z"
  },
  {
    "uuid": "d5a08e9b-97cc-43c3-8990-6e57e3194654",
    "chatId": "ebedb727-7bd5-4224-bd09-105321f59be7",
    "text": "Fugiat soluta saepe odio quod voluptas expedita explicabo sunt facere.",
    "userId": "14ddae1e-986d-42f4-8d17-46a02d469b2b",
    "created_at": "2018-04-10T20:20:07.589Z"
  },
  {
    "uuid": "27763482-f7de-4986-972a-fee6359634a7",
    "chatId": "ebedb727-7bd5-4224-bd09-105321f59be7",
    "text": "Est veritatis voluptates sed.",
    "userId": "14ddae1e-986d-42f4-8d17-46a02d469b2b",
    "created_at": "2018-04-10T21:49:57.574Z"
  },
  {
    "uuid": "2784c0b2-8a3b-47b1-bfa7-4434ddabd28a",
    "chatId": "9094fdd0-a5c9-4234-b83f-edb7c4aa2583",
    "text": "Quia qui voluptates est at distinctio.",
    "userId": "65a6eb21-67b5-45c3-9af7-faca2d9b60d4",
    "created_at": "2018-04-10T22:47:50.453Z"
  },
  {
    "uuid": "b642dbc3-d011-448d-ab85-c0a0b89b77a1",
    "chatId": "9094fdd0-a5c9-4234-b83f-edb7c4aa2583",
    "text": "A id eos.",
    "userId": "65a6eb21-67b5-45c3-9af7-faca2d9b60d4",
    "created_at": "2018-04-10T06:47:24.959Z"
  },
  {
    "uuid": "aa197188-bf16-464e-afc2-48f4a0c22c6d",
    "chatId": "9094fdd0-a5c9-4234-b83f-edb7c4aa2583",
    "text": "Ut magnam et.",
    "userId": "65a6eb21-67b5-45c3-9af7-faca2d9b60d4",
    "created_at": "2018-04-10T23:02:41.487Z"
  },
  {
    "uuid": "7ed61c0f-365d-4184-a2c9-696860a7512f",
    "chatId": "9094fdd0-a5c9-4234-b83f-edb7c4aa2583",
    "text": "Corrupti corrupti eveniet ab dolores cupiditate excepturi non dolorem consectetur.",
    "userId": "28d9f265-74d7-4f85-83d4-6a21fca57dcf",
    "created_at": "2018-04-10T13:55:01.736Z"
  },
  {
    "uuid": "f4bcfcbd-8415-459d-895f-70699af1432f",
    "chatId": "9094fdd0-a5c9-4234-b83f-edb7c4aa2583",
    "text": "Voluptate quae molestias amet ad voluptas perspiciatis recusandae sequi voluptatem.",
    "userId": "28d9f265-74d7-4f85-83d4-6a21fca57dcf",
    "created_at": "2018-04-10T11:26:47.728Z"
  },
  {
    "uuid": "ca69f512-6a64-430b-9483-fe8d773e0e72",
    "chatId": "9094fdd0-a5c9-4234-b83f-edb7c4aa2583",
    "text": "Est eaque cumque rerum.",
    "userId": "28d9f265-74d7-4f85-83d4-6a21fca57dcf",
    "created_at": "2018-04-10T07:35:40.840Z"
  },
  {
    "uuid": "39a6d6f4-2ec0-4369-b40c-dab2347d0f9e",
    "chatId": "9094fdd0-a5c9-4234-b83f-edb7c4aa2583",
    "text": "Exercitationem illo aliquid.",
    "userId": "14ddae1e-986d-42f4-8d17-46a02d469b2b",
    "created_at": "2018-04-10T23:19:21.684Z"
  },
  {
    "uuid": "ccf6ae99-99df-4573-8d4a-071930529336",
    "chatId": "9094fdd0-a5c9-4234-b83f-edb7c4aa2583",
    "text": "Sit cupiditate ex excepturi aut dolores autem et.",
    "userId": "14ddae1e-986d-42f4-8d17-46a02d469b2b",
    "created_at": "2018-04-10T18:18:20.125Z"
  },
  {
    "uuid": "29a411dd-344c-4e85-8760-03a3e95c8b62",
    "chatId": "9094fdd0-a5c9-4234-b83f-edb7c4aa2583",
    "text": "Excepturi mollitia et.",
    "userId": "14ddae1e-986d-42f4-8d17-46a02d469b2b",
    "created_at": "2018-04-11T05:26:07.504Z"
  },
  {
    "uuid": "0bc6280a-f07f-41c5-ae3f-f8db976465e8",
    "chatId": "8fd06756-97dc-470b-a3c5-d2441b95a4d3",
    "text": "Cupiditate voluptas et.",
    "userId": "65a6eb21-67b5-45c3-9af7-faca2d9b60d4",
    "created_at": "2018-04-10T06:33:03.069Z"
  },
  {
    "uuid": "746c54e8-4641-4d25-b2d4-669dbf6a58f5",
    "chatId": "8fd06756-97dc-470b-a3c5-d2441b95a4d3",
    "text": "Id id est ipsum recusandae impedit et.",
    "userId": "65a6eb21-67b5-45c3-9af7-faca2d9b60d4",
    "created_at": "2018-04-11T01:50:34.143Z"
  },
  {
    "uuid": "f649d7d3-fbf1-4681-98b0-658ed846012a",
    "chatId": "8fd06756-97dc-470b-a3c5-d2441b95a4d3",
    "text": "Vero cum sequi laboriosam corporis voluptas aut fugit.",
    "userId": "65a6eb21-67b5-45c3-9af7-faca2d9b60d4",
    "created_at": "2018-04-11T05:21:57.054Z"
  },
  {
    "uuid": "976e10ea-2267-4cda-8539-0403c55fc7bf",
    "chatId": "8fd06756-97dc-470b-a3c5-d2441b95a4d3",
    "text": "Voluptatem et odio hic.",
    "userId": "28d9f265-74d7-4f85-83d4-6a21fca57dcf",
    "created_at": "2018-04-10T21:14:20.431Z"
  },
  {
    "uuid": "4200fefe-365a-4b7b-bd7b-b0688794337f",
    "chatId": "8fd06756-97dc-470b-a3c5-d2441b95a4d3",
    "text": "Molestias harum iusto ipsa qui quia.",
    "userId": "28d9f265-74d7-4f85-83d4-6a21fca57dcf",
    "created_at": "2018-04-10T17:04:09.556Z"
  },
  {
    "uuid": "c72077d2-374a-4935-a75b-2420665b33ee",
    "chatId": "8fd06756-97dc-470b-a3c5-d2441b95a4d3",
    "text": "Et in nobis ut perspiciatis odio quaerat mollitia et et.",
    "userId": "28d9f265-74d7-4f85-83d4-6a21fca57dcf",
    "created_at": "2018-04-11T03:45:07.142Z"
  },
  {
    "uuid": "658c3b3d-d8a4-4bbe-b183-c490715fe2eb",
    "chatId": "8fd06756-97dc-470b-a3c5-d2441b95a4d3",
    "text": "Non qui blanditiis.",
    "userId": "14ddae1e-986d-42f4-8d17-46a02d469b2b",
    "created_at": "2018-04-10T14:47:21.663Z"
  },
  {
    "uuid": "79e58723-48cd-436b-84f2-c2f4daa2f103",
    "chatId": "8fd06756-97dc-470b-a3c5-d2441b95a4d3",
    "text": "Natus mollitia quo labore omnis vero dolor quod enim assumenda.",
    "userId": "14ddae1e-986d-42f4-8d17-46a02d469b2b",
    "created_at": "2018-04-10T20:09:05.876Z"
  },
  {
    "uuid": "d3bf7692-e72a-4b42-b619-943a0c587206",
    "chatId": "8fd06756-97dc-470b-a3c5-d2441b95a4d3",
    "text": "Eos in ipsa ut non debitis commodi voluptates incidunt.",
    "userId": "14ddae1e-986d-42f4-8d17-46a02d469b2b",
    "created_at": "2018-04-10T09:56:59.398Z"
  },
  {
    "uuid": "dfcef35d-774c-45dd-a353-9af593e853d8",
    "chatId": "aac34b4e-85fb-4af3-93c4-17b3386d48d8",
    "text": "Aut aliquid necessitatibus tempore.",
    "userId": "65a6eb21-67b5-45c3-9af7-faca2d9b60d4",
    "created_at": "2018-04-10T09:44:18.191Z"
  },
  {
    "uuid": "2b1cacbc-4cc8-4bda-b8cb-6b54b76b5b31",
    "chatId": "aac34b4e-85fb-4af3-93c4-17b3386d48d8",
    "text": "Qui excepturi soluta dolorem distinctio.",
    "userId": "65a6eb21-67b5-45c3-9af7-faca2d9b60d4",
    "created_at": "2018-04-10T19:24:38.622Z"
  },
  {
    "uuid": "cee89de7-514b-436f-a47c-97af607bdf6b",
    "chatId": "aac34b4e-85fb-4af3-93c4-17b3386d48d8",
    "text": "Quia praesentium quod sapiente et iure rerum ut.",
    "userId": "65a6eb21-67b5-45c3-9af7-faca2d9b60d4",
    "created_at": "2018-04-10T23:28:42.990Z"
  },
  {
    "uuid": "63b27bb9-8135-42ea-837a-06111fb6e3d2",
    "chatId": "aac34b4e-85fb-4af3-93c4-17b3386d48d8",
    "text": "Praesentium reiciendis nihil aut nobis necessitatibus omnis alias et.",
    "userId": "28d9f265-74d7-4f85-83d4-6a21fca57dcf",
    "created_at": "2018-04-10T23:20:16.174Z"
  },
  {
    "uuid": "2dd0e3bd-3b2d-4385-a7ff-b3348c0bd91a",
    "chatId": "aac34b4e-85fb-4af3-93c4-17b3386d48d8",
    "text": "Illo mollitia qui iusto.",
    "userId": "28d9f265-74d7-4f85-83d4-6a21fca57dcf",
    "created_at": "2018-04-10T06:16:03.914Z"
  },
  {
    "uuid": "30d91e37-d8ca-4240-b4bd-859560254f90",
    "chatId": "aac34b4e-85fb-4af3-93c4-17b3386d48d8",
    "text": "Debitis deleniti sit nihil laudantium blanditiis omnis.",
    "userId": "28d9f265-74d7-4f85-83d4-6a21fca57dcf",
    "created_at": "2018-04-10T08:55:19.519Z"
  },
  {
    "uuid": "32b3c77d-5613-4185-bb9f-82bca87c5a0a",
    "chatId": "aac34b4e-85fb-4af3-93c4-17b3386d48d8",
    "text": "Magni laborum libero quis quia.",
    "userId": "14ddae1e-986d-42f4-8d17-46a02d469b2b",
    "created_at": "2018-04-10T23:05:52.340Z"
  },
  {
    "uuid": "5083fde6-0315-4ef7-88cf-5af769eb2646",
    "chatId": "aac34b4e-85fb-4af3-93c4-17b3386d48d8",
    "text": "Voluptatem voluptates assumenda perspiciatis quos qui placeat vitae soluta.",
    "userId": "14ddae1e-986d-42f4-8d17-46a02d469b2b",
    "created_at": "2018-04-11T00:44:25.392Z"
  },
  {
    "uuid": "d3c3f960-4a57-4e50-bd16-0d2e634214ed",
    "chatId": "aac34b4e-85fb-4af3-93c4-17b3386d48d8",
    "text": "Non magni facere sint accusantium.",
    "userId": "14ddae1e-986d-42f4-8d17-46a02d469b2b",
    "created_at": "2018-04-10T06:24:17.021Z"
  },
  {
    "uuid": "fb265610-2996-45d5-8171-f042c650af28",
    "chatId": "2fc05c87-b29f-4d87-8a57-79e96bddf0d9",
    "text": "Laboriosam laudantium nihil consequuntur et placeat in quia.",
    "userId": "65a6eb21-67b5-45c3-9af7-faca2d9b60d4",
    "created_at": "2018-04-10T12:44:03.614Z"
  },
  {
    "uuid": "76fd2e45-f50f-48fa-8264-47c3833976ec",
    "chatId": "2fc05c87-b29f-4d87-8a57-79e96bddf0d9",
    "text": "Nesciunt vero quis necessitatibus sit veniam aspernatur magnam.",
    "userId": "65a6eb21-67b5-45c3-9af7-faca2d9b60d4",
    "created_at": "2018-04-10T06:48:47.078Z"
  },
  {
    "uuid": "8e655cbc-1423-41a3-8079-78caf02010e4",
    "chatId": "2fc05c87-b29f-4d87-8a57-79e96bddf0d9",
    "text": "Non cumque cumque libero consequatur cupiditate deserunt.",
    "userId": "65a6eb21-67b5-45c3-9af7-faca2d9b60d4",
    "created_at": "2018-04-10T09:33:31.574Z"
  },
  {
    "uuid": "d5df0aad-6ddd-4063-9bf9-1606c962203d",
    "chatId": "2fc05c87-b29f-4d87-8a57-79e96bddf0d9",
    "text": "Eaque consequuntur quam eius eos aut explicabo cum.",
    "userId": "28d9f265-74d7-4f85-83d4-6a21fca57dcf",
    "created_at": "2018-04-10T06:38:56.986Z"
  },
  {
    "uuid": "9c47ed0e-f828-4251-a73b-12df54ce24f2",
    "chatId": "2fc05c87-b29f-4d87-8a57-79e96bddf0d9",
    "text": "Neque eius et alias debitis hic et ea laudantium.",
    "userId": "28d9f265-74d7-4f85-83d4-6a21fca57dcf",
    "created_at": "2018-04-10T23:18:00.002Z"
  },
  {
    "uuid": "e772f9a1-944b-47c8-9836-26eaf73fcfb4",
    "chatId": "2fc05c87-b29f-4d87-8a57-79e96bddf0d9",
    "text": "Voluptatem consequuntur modi.",
    "userId": "28d9f265-74d7-4f85-83d4-6a21fca57dcf",
    "created_at": "2018-04-10T23:26:22.558Z"
  },
  {
    "uuid": "e51ef54e-a588-4b2e-9e8e-879baf2e584b",
    "chatId": "2fc05c87-b29f-4d87-8a57-79e96bddf0d9",
    "text": "Et hic quia accusamus aspernatur est atque sunt facere.",
    "userId": "14ddae1e-986d-42f4-8d17-46a02d469b2b",
    "created_at": "2018-04-11T00:49:59.965Z"
  },
  {
    "uuid": "ce2ab907-59ce-4645-925d-ecb39465f87b",
    "chatId": "2fc05c87-b29f-4d87-8a57-79e96bddf0d9",
    "text": "Totam illo dignissimos amet rem ducimus.",
    "userId": "14ddae1e-986d-42f4-8d17-46a02d469b2b",
    "created_at": "2018-04-10T10:00:01.300Z"
  },
  {
    "uuid": "b39cfd54-9ab6-45ad-a8b4-9da447ef1f84",
    "chatId": "2fc05c87-b29f-4d87-8a57-79e96bddf0d9",
    "text": "Quibusdam vel nisi sapiente aut ut.",
    "userId": "14ddae1e-986d-42f4-8d17-46a02d469b2b",
    "created_at": "2018-04-10T22:09:12.179Z"
  },
  {
    "uuid": "f6d292fe-e340-4134-8ab0-56de84b40dcd",
    "chatId": "e2d938b0-e181-437e-80c7-14484e7b0504",
    "text": "Laborum ullam soluta.",
    "userId": "65a6eb21-67b5-45c3-9af7-faca2d9b60d4",
    "created_at": "2018-04-10T13:40:31.548Z"
  },
  {
    "uuid": "129e34a0-504e-44e2-9af5-4f39a0b47a23",
    "chatId": "e2d938b0-e181-437e-80c7-14484e7b0504",
    "text": "Doloremque consequatur nostrum veniam voluptate odio nobis.",
    "userId": "65a6eb21-67b5-45c3-9af7-faca2d9b60d4",
    "created_at": "2018-04-11T05:56:15.770Z"
  },
  {
    "uuid": "9aa85530-6730-4a3e-9256-959e90a92c92",
    "chatId": "e2d938b0-e181-437e-80c7-14484e7b0504",
    "text": "Voluptatem voluptates tenetur sit.",
    "userId": "65a6eb21-67b5-45c3-9af7-faca2d9b60d4",
    "created_at": "2018-04-10T12:53:30.461Z"
  },
  {
    "uuid": "43b8c999-56d9-4870-8b5f-f37634d076b5",
    "chatId": "e2d938b0-e181-437e-80c7-14484e7b0504",
    "text": "Consequuntur quia voluptas optio nisi facilis ex.",
    "userId": "28d9f265-74d7-4f85-83d4-6a21fca57dcf",
    "created_at": "2018-04-10T09:18:05.075Z"
  },
  {
    "uuid": "8e2b6ecd-72f1-4200-b7fa-23d239b5bc88",
    "chatId": "e2d938b0-e181-437e-80c7-14484e7b0504",
    "text": "Minus perferendis maxime eligendi debitis odio quam autem quisquam id.",
    "userId": "28d9f265-74d7-4f85-83d4-6a21fca57dcf",
    "created_at": "2018-04-10T22:03:22.212Z"
  },
  {
    "uuid": "d1597974-1f4e-4a96-82c9-922b96331a8f",
    "chatId": "e2d938b0-e181-437e-80c7-14484e7b0504",
    "text": "Eligendi explicabo deleniti dolores autem corporis porro enim totam.",
    "userId": "28d9f265-74d7-4f85-83d4-6a21fca57dcf",
    "created_at": "2018-04-10T07:52:37.064Z"
  },
  {
    "uuid": "47399b9d-00a7-4934-ace8-bb731cc36a62",
    "chatId": "e2d938b0-e181-437e-80c7-14484e7b0504",
    "text": "Asperiores id hic.",
    "userId": "14ddae1e-986d-42f4-8d17-46a02d469b2b",
    "created_at": "2018-04-10T09:36:42.445Z"
  },
  {
    "uuid": "9b78dbfc-1fbb-40d4-9dfd-04f11e72fe95",
    "chatId": "e2d938b0-e181-437e-80c7-14484e7b0504",
    "text": "Animi aliquam vero beatae quia distinctio nisi eum totam quae.",
    "userId": "14ddae1e-986d-42f4-8d17-46a02d469b2b",
    "created_at": "2018-04-11T00:41:42.100Z"
  },
  {
    "uuid": "77e10641-9c85-4c34-b8e6-c1705bf30429",
    "chatId": "e2d938b0-e181-437e-80c7-14484e7b0504",
    "text": "Quis impedit rerum.",
    "userId": "14ddae1e-986d-42f4-8d17-46a02d469b2b",
    "created_at": "2018-04-10T20:27:04.678Z"
  },
  {
    "uuid": "e0c45e2b-e51c-41c4-aef0-5e31bc72e5f5",
    "chatId": "d6d15d5e-9fee-41f5-86be-e7d4cd7363f2",
    "text": "Deleniti enim natus quasi porro dolores ut molestiae sit.",
    "userId": "65a6eb21-67b5-45c3-9af7-faca2d9b60d4",
    "created_at": "2018-04-10T18:25:44.334Z"
  },
  {
    "uuid": "54cffc84-93db-4fe3-9172-7a4d4245564a",
    "chatId": "d6d15d5e-9fee-41f5-86be-e7d4cd7363f2",
    "text": "Ut inventore qui facere in modi.",
    "userId": "65a6eb21-67b5-45c3-9af7-faca2d9b60d4",
    "created_at": "2018-04-11T02:54:18.372Z"
  },
  {
    "uuid": "85aaa1bb-6b9e-45c4-a6e0-95011009a433",
    "chatId": "d6d15d5e-9fee-41f5-86be-e7d4cd7363f2",
    "text": "Quis quod consequuntur sit nobis voluptatem occaecati dolor.",
    "userId": "65a6eb21-67b5-45c3-9af7-faca2d9b60d4",
    "created_at": "2018-04-10T17:50:24.290Z"
  },
  {
    "uuid": "31d3bff7-8b86-4e7d-be07-2d3c23eb0314",
    "chatId": "d6d15d5e-9fee-41f5-86be-e7d4cd7363f2",
    "text": "Amet necessitatibus quibusdam quo illum eveniet soluta natus cumque possimus.",
    "userId": "28d9f265-74d7-4f85-83d4-6a21fca57dcf",
    "created_at": "2018-04-10T12:09:33.828Z"
  },
  {
    "uuid": "a34408a3-e2ee-4223-a28e-797b99bdfb45",
    "chatId": "d6d15d5e-9fee-41f5-86be-e7d4cd7363f2",
    "text": "Ut repellat ut cupiditate similique velit nostrum id aperiam accusantium.",
    "userId": "28d9f265-74d7-4f85-83d4-6a21fca57dcf",
    "created_at": "2018-04-10T17:21:32.527Z"
  },
  {
    "uuid": "a5087d2c-6670-4635-bfb7-89c297879819",
    "chatId": "d6d15d5e-9fee-41f5-86be-e7d4cd7363f2",
    "text": "Maxime non quisquam sed earum consectetur.",
    "userId": "28d9f265-74d7-4f85-83d4-6a21fca57dcf",
    "created_at": "2018-04-10T09:08:25.688Z"
  },
  {
    "uuid": "c1d5a2a8-a14f-417f-834e-9f4d1a99bc0e",
    "chatId": "d6d15d5e-9fee-41f5-86be-e7d4cd7363f2",
    "text": "Error culpa pariatur aut doloremque veritatis rerum laborum blanditiis.",
    "userId": "14ddae1e-986d-42f4-8d17-46a02d469b2b",
    "created_at": "2018-04-11T04:33:26.827Z"
  },
  {
    "uuid": "f12c75b5-7669-421b-a868-09cabd74242a",
    "chatId": "d6d15d5e-9fee-41f5-86be-e7d4cd7363f2",
    "text": "Consequatur et magni ad porro sit voluptatem ullam fuga sint.",
    "userId": "14ddae1e-986d-42f4-8d17-46a02d469b2b",
    "created_at": "2018-04-10T16:47:20.737Z"
  },
  {
    "uuid": "9c523410-5528-44b7-bea2-daea2670779f",
    "chatId": "d6d15d5e-9fee-41f5-86be-e7d4cd7363f2",
    "text": "Suscipit earum qui non sequi quis repellendus voluptatem.",
    "userId": "14ddae1e-986d-42f4-8d17-46a02d469b2b",
    "created_at": "2018-04-10T22:53:41.912Z"
  },
  {
    "uuid": "2a4a4821-855c-45c1-8b88-5696bf266100",
    "chatId": "dc52bd24-1747-44e0-81ea-af8745c4545a",
    "text": "Sunt voluptate laboriosam ratione voluptas.",
    "userId": "65a6eb21-67b5-45c3-9af7-faca2d9b60d4",
    "created_at": "2018-04-11T02:03:32.381Z"
  },
  {
    "uuid": "05cec272-9a29-40d2-a1df-27db523f0e92",
    "chatId": "dc52bd24-1747-44e0-81ea-af8745c4545a",
    "text": "Atque sunt culpa delectus placeat consequuntur labore.",
    "userId": "65a6eb21-67b5-45c3-9af7-faca2d9b60d4",
    "created_at": "2018-04-10T07:55:07.894Z"
  },
  {
    "uuid": "65026d37-fcd1-47fc-aa66-57526f69a23b",
    "chatId": "dc52bd24-1747-44e0-81ea-af8745c4545a",
    "text": "Deleniti nihil ab laborum neque.",
    "userId": "65a6eb21-67b5-45c3-9af7-faca2d9b60d4",
    "created_at": "2018-04-10T15:23:59.811Z"
  },
  {
    "uuid": "eb9fc8bf-d63a-402d-806e-c8229b216b97",
    "chatId": "dc52bd24-1747-44e0-81ea-af8745c4545a",
    "text": "Et distinctio in voluptatum natus asperiores dolorum dicta.",
    "userId": "28d9f265-74d7-4f85-83d4-6a21fca57dcf",
    "created_at": "2018-04-11T03:21:38.347Z"
  },
  {
    "uuid": "5c388719-7a1e-40b5-8237-bff2bc1f5539",
    "chatId": "dc52bd24-1747-44e0-81ea-af8745c4545a",
    "text": "Veritatis molestiae perferendis aperiam recusandae dolor aliquam excepturi.",
    "userId": "28d9f265-74d7-4f85-83d4-6a21fca57dcf",
    "created_at": "2018-04-10T06:25:13.804Z"
  },
  {
    "uuid": "6883ae33-d79a-4e49-a75e-b26ce586f979",
    "chatId": "dc52bd24-1747-44e0-81ea-af8745c4545a",
    "text": "Fuga deleniti vitae quaerat voluptatibus et et.",
    "userId": "28d9f265-74d7-4f85-83d4-6a21fca57dcf",
    "created_at": "2018-04-10T23:48:34.820Z"
  },
  {
    "uuid": "eaf9b261-277b-430d-97ca-be7747dc5af6",
    "chatId": "dc52bd24-1747-44e0-81ea-af8745c4545a",
    "text": "Quis debitis delectus rerum consequatur voluptatem.",
    "userId": "14ddae1e-986d-42f4-8d17-46a02d469b2b",
    "created_at": "2018-04-10T21:38:49.282Z"
  },
  {
    "uuid": "37fef2ca-fc63-4f8f-aad7-5f9897397a85",
    "chatId": "dc52bd24-1747-44e0-81ea-af8745c4545a",
    "text": "Enim ut id.",
    "userId": "14ddae1e-986d-42f4-8d17-46a02d469b2b",
    "created_at": "2018-04-10T23:56:08.028Z"
  },
  {
    "uuid": "072ae1d2-6df0-449c-969c-704c3b028152",
    "chatId": "dc52bd24-1747-44e0-81ea-af8745c4545a",
    "text": "Blanditiis repellat dignissimos.",
    "userId": "14ddae1e-986d-42f4-8d17-46a02d469b2b",
    "created_at": "2018-04-10T18:10:12.413Z"
  },
  {
    "uuid": "39434dd8-f8f3-415f-9b1a-1deda85e7f36",
    "chatId": "f4eb95ef-202b-4a12-a4f2-3619f2364b55",
    "text": "Rem eum qui ad totam ad qui id nihil.",
    "userId": "65a6eb21-67b5-45c3-9af7-faca2d9b60d4",
    "created_at": "2018-04-10T21:00:23.856Z"
  },
  {
    "uuid": "8c6397f2-150e-418c-94f4-03e7f1586a46",
    "chatId": "f4eb95ef-202b-4a12-a4f2-3619f2364b55",
    "text": "Enim praesentium neque voluptate consequatur esse accusantium.",
    "userId": "65a6eb21-67b5-45c3-9af7-faca2d9b60d4",
    "created_at": "2018-04-10T23:57:29.146Z"
  },
  {
    "uuid": "2a436eae-43ff-4989-a344-3d4bf6929252",
    "chatId": "f4eb95ef-202b-4a12-a4f2-3619f2364b55",
    "text": "Est eos ut quia iusto nemo culpa sunt ad.",
    "userId": "65a6eb21-67b5-45c3-9af7-faca2d9b60d4",
    "created_at": "2018-04-10T14:50:11.320Z"
  },
  {
    "uuid": "5f1e9f4c-7d22-4d0e-970a-f59b3c559803",
    "chatId": "f4eb95ef-202b-4a12-a4f2-3619f2364b55",
    "text": "Officia velit vel esse.",
    "userId": "28d9f265-74d7-4f85-83d4-6a21fca57dcf",
    "created_at": "2018-04-10T16:34:16.977Z"
  },
  {
    "uuid": "5e140b52-8e6e-4273-8779-ae1a4ddd37bb",
    "chatId": "f4eb95ef-202b-4a12-a4f2-3619f2364b55",
    "text": "Unde officiis ut accusantium.",
    "userId": "28d9f265-74d7-4f85-83d4-6a21fca57dcf",
    "created_at": "2018-04-11T03:21:45.886Z"
  },
  {
    "uuid": "3c92cc73-b127-47ca-8060-f2ef2f25e33a",
    "chatId": "f4eb95ef-202b-4a12-a4f2-3619f2364b55",
    "text": "Et harum et voluptatem laborum.",
    "userId": "28d9f265-74d7-4f85-83d4-6a21fca57dcf",
    "created_at": "2018-04-10T23:25:06.155Z"
  },
  {
    "uuid": "7a656e4a-1829-4138-8fbb-945b33017edd",
    "chatId": "f4eb95ef-202b-4a12-a4f2-3619f2364b55",
    "text": "Ducimus corrupti quas aut sunt autem voluptatibus minus natus.",
    "userId": "14ddae1e-986d-42f4-8d17-46a02d469b2b",
    "created_at": "2018-04-10T22:58:21.053Z"
  },
  {
    "uuid": "8a1c5562-5b82-40a4-b6c5-511bcf2d9a9f",
    "chatId": "f4eb95ef-202b-4a12-a4f2-3619f2364b55",
    "text": "Quae maiores porro inventore quisquam fugiat.",
    "userId": "14ddae1e-986d-42f4-8d17-46a02d469b2b",
    "created_at": "2018-04-10T08:22:22.629Z"
  },
  {
    "uuid": "c837b2b9-0725-4e62-9c3f-37648735aab8",
    "chatId": "f4eb95ef-202b-4a12-a4f2-3619f2364b55",
    "text": "Dolores dolor omnis veritatis exercitationem et exercitationem animi doloribus et.",
    "userId": "14ddae1e-986d-42f4-8d17-46a02d469b2b",
    "created_at": "2018-04-10T11:24:53.220Z"
  },
  {
    "uuid": "c4f9cdd0-793d-4b33-98a3-509116fb9e2a",
    "chatId": "aaaea87c-349f-423d-84ce-796bc5827855",
    "text": "Cumque similique earum odio.",
    "userId": "65a6eb21-67b5-45c3-9af7-faca2d9b60d4",
    "created_at": "2018-04-11T00:06:20.289Z"
  },
  {
    "uuid": "33094223-a624-47f8-b4d1-b506029a4fd4",
    "chatId": "aaaea87c-349f-423d-84ce-796bc5827855",
    "text": "Beatae et in et et doloribus architecto.",
    "userId": "65a6eb21-67b5-45c3-9af7-faca2d9b60d4",
    "created_at": "2018-04-11T02:30:17.955Z"
  },
  {
    "uuid": "ef09dace-e046-4325-bb7f-cfd273218bec",
    "chatId": "aaaea87c-349f-423d-84ce-796bc5827855",
    "text": "Totam aut qui excepturi maxime ut.",
    "userId": "65a6eb21-67b5-45c3-9af7-faca2d9b60d4",
    "created_at": "2018-04-10T16:08:05.253Z"
  },
  {
    "uuid": "1d430da0-8e0a-4e08-93b7-69b27eb70477",
    "chatId": "aaaea87c-349f-423d-84ce-796bc5827855",
    "text": "Similique pariatur fuga.",
    "userId": "28d9f265-74d7-4f85-83d4-6a21fca57dcf",
    "created_at": "2018-04-10T09:31:07.603Z"
  },
  {
    "uuid": "167aadc3-8b53-4455-b3e6-e7b2b75b0d06",
    "chatId": "aaaea87c-349f-423d-84ce-796bc5827855",
    "text": "Maiores necessitatibus omnis.",
    "userId": "28d9f265-74d7-4f85-83d4-6a21fca57dcf",
    "created_at": "2018-04-10T19:13:55.351Z"
  },
  {
    "uuid": "4163e76a-20e2-4638-b18b-61979bfab3b7",
    "chatId": "aaaea87c-349f-423d-84ce-796bc5827855",
    "text": "Est vitae ipsam autem eaque et odio perspiciatis soluta.",
    "userId": "28d9f265-74d7-4f85-83d4-6a21fca57dcf",
    "created_at": "2018-04-10T12:10:10.119Z"
  },
  {
    "uuid": "4829f4bc-8d24-46a8-a34a-4abba3d2e1a0",
    "chatId": "aaaea87c-349f-423d-84ce-796bc5827855",
    "text": "Omnis repellat dolores officiis non praesentium.",
    "userId": "14ddae1e-986d-42f4-8d17-46a02d469b2b",
    "created_at": "2018-04-10T07:15:02.879Z"
  },
  {
    "uuid": "c1b233df-ac1f-4c44-b6b5-4539b5cb3741",
    "chatId": "aaaea87c-349f-423d-84ce-796bc5827855",
    "text": "Quae dolores officia incidunt quae quia quaerat.",
    "userId": "14ddae1e-986d-42f4-8d17-46a02d469b2b",
    "created_at": "2018-04-10T20:36:13.431Z"
  },
  {
    "uuid": "df746cc7-81ac-4d84-9fc6-0977bfd2e487",
    "chatId": "aaaea87c-349f-423d-84ce-796bc5827855",
    "text": "Saepe omnis explicabo nisi suscipit optio rerum voluptatum.",
    "userId": "14ddae1e-986d-42f4-8d17-46a02d469b2b",
    "created_at": "2018-04-10T18:12:52.304Z"
  }
]