[
  {
    "uuid": "65a6eb21-67b5-45c3-9af7-faca2d9b60d4",
    "name": "Dessie",
    "email": "Dessie7937@gmail.com",
    "username": "Dessie79",
    "phone": "1-360-812-9380 x511",
    "avatar": "https://s3.amazonaws.com/uifaces/faces/twitter/ludwiczakpawel/128.jpg",
    "address": {
      "street": "655 Archibald Groves",
      "suite": "Apt. 818",
      "city": "Carlosshire",
      "state": "Arkansas",
      "country": "Somalia",
      "zipcode": "10406",
      "geo": {
        "lat": "-44.6063",
        "lng": "-169.7706"
      }
    }
  },
  {
    "uuid": "28d9f265-74d7-4f85-83d4-6a21fca57dcf",
    "name": "Jakayla",
    "email": "Jakayla_Crooks867@yahoo.com",
    "username": "Jakayla_Crooks86",
    "phone": "610.499.1240",
    "avatar": "https://s3.amazonaws.com/uifaces/faces/twitter/suprb/128.jpg",
    "address": {
      "street": "281 Tillman Forge",
      "suite": "Apt. 381",
      "city": "New Sandrinemouth",
      "state": "North Dakota",
      "country": "Reunion",
      "zipcode": "19540-8186",
      "geo": {
        "lat": "-12.3375",
        "lng": "-117.9067"
      }
    }
  },
  {
    "uuid": "14ddae1e-986d-42f4-8d17-46a02d469b2b",
    "name": "Hobart",
    "email": "Hobart_Mueller.Thiel@hotmail.com",
    "username": "Hobart_Mueller",
    "phone": "1-590-385-3349",
    "avatar": "https://s3.amazonaws.com/uifaces/faces/twitter/damenleeturks/128.jpg",
    "address": {
      "street": "706 Padberg Knoll",
      "suite": "Suite 818",
      "city": "Port Mablefurt",
      "state": "Arkansas",
      "country": "Netherlands Antilles",
      "zipcode": "89975-6584",
      "geo": {
        "lat": "-42.9187",
        "lng": "8.5866"
      }
    }
  },
  {
    "uuid": "6a03248b-1752-4332-a3a9-7108528cc9d3",
    "name": "Celestine",
    "email": "Celestine.Casper59@hotmail.com",
    "username": "Celestine.Casper",
    "phone": "1-830-046-3289",
    "avatar": "https://s3.amazonaws.com/uifaces/faces/twitter/caspergrl/128.jpg",
    "address": {
      "street": "9528 Schroeder Track",
      "suite": "Apt. 443",
      "city": "Godfreyburgh",
      "state": "Montana",
      "country": "Slovenia",
      "zipcode": "10220",
      "geo": {
        "lat": "36.8638",
        "lng": "20.0047"
      }
    }
  },
  {
    "uuid": "ee272550-36e8-4fe2-889d-c1ee701c5863",
    "name": "Hortense",
    "email": "Hortense99.Jakubowski@yahoo.com",
    "username": "Hortense99",
    "phone": "712.916.2569 x0663",
    "avatar": "https://s3.amazonaws.com/uifaces/faces/twitter/moscoz/128.jpg",
    "address": {
      "street": "9046 Allen Ferry",
      "suite": "Suite 429",
      "city": "Angushaven",
      "state": "Michigan",
      "country": "Costa Rica",
      "zipcode": "92378-7065",
      "geo": {
        "lat": "78.1292",
        "lng": "-134.6632"
      }
    }
  },
  {
    "uuid": "77f4b102-9df5-43ba-966a-6f816806c5e2",
    "name": "Pat",
    "email": "Pat_Zulauf81.Bartell86@gmail.com",
    "username": "Pat_Zulauf81",
    "phone": "(058) 200-7342",
    "avatar": "https://s3.amazonaws.com/uifaces/faces/twitter/rehatkathuria/128.jpg",
    "address": {
      "street": "62268 Favian Coves",
      "suite": "Suite 993",
      "city": "Baumbachstad",
      "state": "New Mexico",
      "country": "Montserrat",
      "zipcode": "44440",
      "geo": {
        "lat": "-34.7835",
        "lng": "148.8907"
      }
    }
  },
  {
    "uuid": "36a1ead7-57a0-4275-8a21-956194ab7cdf",
    "name": "Solon",
    "email": "Solon.Bauch4_Rath@hotmail.com",
    "username": "Solon.Bauch4",
    "phone": "789-914-4904 x173",
    "avatar": "https://s3.amazonaws.com/uifaces/faces/twitter/spacewood_/128.jpg",
    "address": {
      "street": "8153 Favian Walk",
      "suite": "Apt. 495",
      "city": "East Preston",
      "state": "Idaho",
      "country": "Iceland",
      "zipcode": "24555",
      "geo": {
        "lat": "-42.5691",
        "lng": "-2.5791"
      }
    }
  },
  {
    "uuid": "b5899bef-d01e-42d8-af2d-edfb16b6b21e",
    "name": "Calista",
    "email": "Calista_Mertz1757@hotmail.com",
    "username": "Calista_Mertz17",
    "phone": "961-703-4134",
    "avatar": "https://s3.amazonaws.com/uifaces/faces/twitter/moscoz/128.jpg",
    "address": {
      "street": "886 Wendy Circles",
      "suite": "Apt. 933",
      "city": "Lake Loy",
      "state": "Rhode Island",
      "country": "South Africa",
      "zipcode": "65261",
      "geo": {
        "lat": "-58.9245",
        "lng": "-43.6330"
      }
    }
  },
  {
    "uuid": "7d910620-84e1-49fc-951e-d375587b8189",
    "name": "Jackeline",
    "email": "Jackeline.Abshire_Dach@yahoo.com",
    "username": "Jackeline.Abshire",
    "phone": "(326) 903-5706 x6854",
    "avatar": "https://s3.amazonaws.com/uifaces/faces/twitter/larrybolt/128.jpg",
    "address": {
      "street": "416 Cathy Spur",
      "suite": "Apt. 431",
      "city": "North Camila",
      "state": "Pennsylvania",
      "country": "Libyan Arab Jamahiriya",
      "zipcode": "31751",
      "geo": {
        "lat": "64.0673",
        "lng": "154.7671"
      }
    }
  },
  {
    "uuid": "afdb5033-5bcc-4cec-b932-353a83410b44",
    "name": "Jamey",
    "email": "Jamey_Grant_Cruickshank73@gmail.com",
    "username": "Jamey_Grant",
    "phone": "545-939-2404 x32373",
    "avatar": "https://s3.amazonaws.com/uifaces/faces/twitter/mikebeecham/128.jpg",
    "address": {
      "street": "38372 Mante Glen",
      "suite": "Suite 090",
      "city": "Robertsside",
      "state": "Texas",
      "country": "Equatorial Guinea",
      "zipcode": "86558-7214",
      "geo": {
        "lat": "-55.0222",
        "lng": "-100.5977"
      }
    }
  },
  {
    "uuid": "60d07662-bfec-42c7-b044-c81bc4ff8c7a",
    "name": "Barton",
    "email": "Barton85_Emard@gmail.com",
    "username": "Barton85",
    "phone": "(979) 560-8322 x174",
    "avatar": "https://s3.amazonaws.com/uifaces/faces/twitter/a_harris88/128.jpg",
    "address": {
      "street": "185 Florine Spurs",
      "suite": "Suite 178",
      "city": "Port Carrollburgh",
      "state": "Alaska",
      "country": "Saint Barthelemy",
      "zipcode": "30126",
      "geo": {
        "lat": "24.0545",
        "lng": "-88.8499"
      }
    }
  },
  {
    "uuid": "5c44b666-baca-4f18-a3cb-23068c6edc14",
    "name": "Gloria",
    "email": "Gloria78.Nicolas83@hotmail.com",
    "username": "Gloria78",
    "phone": "188.890.3246",
    "avatar": "https://s3.amazonaws.com/uifaces/faces/twitter/nehfy/128.jpg",
    "address": {
      "street": "643 Arch Mews",
      "suite": "Apt. 171",
      "city": "Wymanland",
      "state": "Indiana",
      "country": "Jersey",
      "zipcode": "73594-9840",
      "geo": {
        "lat": "-70.9980",
        "lng": "-151.6234"
      }
    }
  },
  {
    "uuid": "46d6f992-5729-4588-b7f8-ce74f21157ba",
    "name": "Olin",
    "email": "Olin.Robel49.Schowalter24@yahoo.com",
    "username": "Olin.Robel49",
    "phone": "1-982-234-7756",
    "avatar": "https://s3.amazonaws.com/uifaces/faces/twitter/jcubic/128.jpg",
    "address": {
      "street": "0813 Mayer Greens",
      "suite": "Apt. 551",
      "city": "Bergstromburgh",
      "state": "Ohio",
      "country": "Anguilla",
      "zipcode": "42502-9731",
      "geo": {
        "lat": "-48.2520",
        "lng": "60.6556"
      }
    }
  },
  {
    "uuid": "bd30e201-cceb-410e-8497-a4072bc399f5",
    "name": "Rollin",
    "email": "Rollin43_Fay@yahoo.com",
    "username": "Rollin43",
    "phone": "477-651-5715 x502",
    "avatar": "https://s3.amazonaws.com/uifaces/faces/twitter/horaciobella/128.jpg",
    "address": {
      "street": "5704 Spinka Causeway",
      "suite": "Suite 388",
      "city": "Pollyburgh",
      "state": "Arizona",
      "country": "Virgin Islands, U.S.",
      "zipcode": "45048",
      "geo": {
        "lat": "55.3046",
        "lng": "3.8129"
      }
    }
  },
  {
    "uuid": "da95e977-cd54-4077-a767-1b7f33ef6919",
    "name": "Murl",
    "email": "Murl_Abshire41_Lakin@hotmail.com",
    "username": "Murl_Abshire41",
    "phone": "107-733-1219 x0615",
    "avatar": "https://s3.amazonaws.com/uifaces/faces/twitter/stayuber/128.jpg",
    "address": {
      "street": "4880 Tanner Circles",
      "suite": "Apt. 994",
      "city": "Bauchside",
      "state": "Ohio",
      "country": "Uganda",
      "zipcode": "11259",
      "geo": {
        "lat": "11.6209",
        "lng": "-45.1766"
      }
    }
  },
  {
    "uuid": "6124d4e8-77ed-4b34-868d-d312bfab5de2",
    "name": "Breanna",
    "email": "Breanna.Bartoletti21@hotmail.com",
    "username": "Breanna.Bartoletti",
    "phone": "645.045.0876 x35882",
    "avatar": "https://s3.amazonaws.com/uifaces/faces/twitter/flexrs/128.jpg",
    "address": {
      "street": "431 Grimes Common",
      "suite": "Apt. 530",
      "city": "East Lunahaven",
      "state": "Virginia",
      "country": "Hungary",
      "zipcode": "12012-3038",
      "geo": {
        "lat": "29.7991",
        "lng": "-70.4033"
      }
    }
  },
  {
    "uuid": "eef93cb1-7766-4413-a5cf-ecbf71fa3674",
    "name": "Maya",
    "email": "Maya55_Dickens16@yahoo.com",
    "username": "Maya55",
    "phone": "199.260.3770 x2815",
    "avatar": "https://s3.amazonaws.com/uifaces/faces/twitter/nvkznemo/128.jpg",
    "address": {
      "street": "58581 Guillermo Springs",
      "suite": "Suite 574",
      "city": "Cloydville",
      "state": "Delaware",
      "country": "Saint Barthelemy",
      "zipcode": "95633-3394",
      "geo": {
        "lat": "-57.5740",
        "lng": "104.5634"
      }
    }
  },
  {
    "uuid": "899d0e31-b71e-4d95-a8a0-6a8bceb314bd",
    "name": "Santiago",
    "email": "Santiago41_Crooks15@yahoo.com",
    "username": "Santiago41",
    "phone": "1-489-921-2159 x8655",
    "avatar": "https://s3.amazonaws.com/uifaces/faces/twitter/ernestsemerda/128.jpg",
    "address": {
      "street": "7868 Windler Dam",
      "suite": "Suite 876",
      "city": "Port Emmetfurt",
      "state": "Alabama",
      "country": "Belarus",
      "zipcode": "63739-4581",
      "geo": {
        "lat": "-28.7166",
        "lng": "-167.7070"
      }
    }
  },
  {
    "uuid": "a41c6c4a-9cb1-45d1-8c6f-091044ba51ff",
    "name": "Leonardo",
    "email": "Leonardo10.Macejkovic@yahoo.com",
    "username": "Leonardo10",
    "phone": "445-761-1519",
    "avatar": "https://s3.amazonaws.com/uifaces/faces/twitter/adobi/128.jpg",
    "address": {
      "street": "146 Lemke Mountains",
      "suite": "Apt. 407",
      "city": "North Toyfort",
      "state": "Connecticut",
      "country": "Senegal",
      "zipcode": "90211-1855",
      "geo": {
        "lat": "-56.3849",
        "lng": "-167.1372"
      }
    }
  },
  {
    "uuid": "3782c174-1f2c-4dc4-b75d-0bedf400e023",
    "name": "Lora",
    "email": "Lora_Kessler586@hotmail.com",
    "username": "Lora_Kessler5",
    "phone": "315-215-2852 x69280",
    "avatar": "https://s3.amazonaws.com/uifaces/faces/twitter/antongenkin/128.jpg",
    "address": {
      "street": "4018 Willms Turnpike",
      "suite": "Suite 573",
      "city": "Leuschkemouth",
      "state": "Kentucky",
      "country": "Dominican Republic",
      "zipcode": "70964",
      "geo": {
        "lat": "80.2384",
        "lng": "38.1323"
      }
    }
  }
]